<?xml version="1.0" encoding="UTF-8"?>
<!DOCTYPE hibernate-mapping PUBLIC 
    "-//Hibernate/Hibernate Mapping DTD 3.0//EN"
    "http://www.hibernate.org/dtd/hibernate-mapping-3.0.dtd">
<hibernate-mapping>
	<class name="com.buaa.shop.bean.Order" table="orders">
		<id name="oid">
			<generator class="native" />
		</id>

		<property name="total" />
		<property name="ordertime" />
		<property name="state" />
		<property name="name" />
		<property name="phone" />
		<property name="addr" />

		<!-- 订单与用户关联配置 -->
		<many-to-one name="user" lazy="false" class="com.buaa.shop.bean.User" column="uid" />

		<!-- 订单与订单项关联配置  立即加载-->
		<set name="orderItems" lazy="false" cascade="save-update">
			<key column="oid" />
			<one-to-many class="com.buaa.shop.bean.OrderItem" />
		</set>
	</class>
</hibernate-mapping>