<?xml version="1.0" encoding="UTF-8"?>
<!DOCTYPE hibernate-mapping PUBLIC 
    "-//Hibernate/Hibernate Mapping DTD 3.0//EN"
    "http://www.hibernate.org/dtd/hibernate-mapping-3.0.dtd">
    
<hibernate-mapping>
	<class name="com.buaa.shop.bean.User" table="user">
		<id name="uid">
			<generator class="native"/>
		</id>
		<property name="username"/>
		<property name="password"/>
		<property name="name"/>
		<property name="email"/>
		<property name="phone"/>
		<property name="addr"/>
		<property name="state"/>
		<property name="code"/>
		
		<set name="orders" cascade="delete">
			<key column="uid"/>
			<one-to-many class="com.buaa.shop.bean.Order"/>
		</set>
	</class>
</hibernate-mapping>