<?xml version="1.0" encoding="UTF-8"?>
<beans xmlns="http://www.springframework.org/schema/beans"
	xmlns:xsi="http://www.w3.org/2001/XMLSchema-instance" xmlns:context="http://www.springframework.org/schema/context"
	xmlns:aop="http://www.springframework.org/schema/aop" xmlns:tx="http://www.springframework.org/schema/tx"
	xsi:schemaLocation="http://www.springframework.org/schema/beans 
	http://www.springframework.org/schema/beans/spring-beans.xsd
	http://www.springframework.org/schema/context
	http://www.springframework.org/schema/context/spring-context.xsd
	http://www.springframework.org/schema/aop
	http://www.springframework.org/schema/aop/spring-aop.xsd
	http://www.springframework.org/schema/tx 
	http://www.springframework.org/schema/tx/spring-tx.xsd">

	<!-- 配置连接池: -->
	<!-- 引入外部属性文件 -->
	<context:property-placeholder location="classpath:jdbc.properties" />
	<!-- 配置C3P0连接池: -->
	<bean id="dataSource" class="com.mchange.v2.c3p0.ComboPooledDataSource">
		<property name="driverClass" value="${jdbc.driver}" />
		<property name="jdbcUrl" value="${jdbc.url}" />
		<property name="user" value="${jdbc.user}" />
		<property name="password" value="${jdbc.password}" />
	</bean>

	<!-- Hibernate的相关信息 -->
	<bean id="sessionFactory"
		class="org.springframework.orm.hibernate3.LocalSessionFactoryBean">
		<!-- 注入连接池 -->
		<property name="dataSource" ref="dataSource" />
		<!-- 配置Hibernate的其他的属性 -->
		<property name="hibernateProperties">
			<props>
				<prop key="hibernate.dialect">org.hibernate.dialect.MySQLDialect</prop>
				<prop key="hibernate.show_sql">true</prop>
				<prop key="hibernate.format_sql">true</prop>
				<prop key="hibernate.connection.autocommit">false</prop>
				<prop key="hibernate.hbm2ddl.auto">update</prop>
			</props>
		</property>
		<!-- 配置Hibernate的映射文件 -->
		<property name="mappingResources">
			<list>
				<value>com/buaa/shop/bean/User.hbm.xml</value>
				<value>com/buaa/shop/bean/Category.hbm.xml</value>
				<value>com/buaa/shop/bean/Product.hbm.xml</value>
				<value>com/buaa/shop/bean/CategorySecond.hbm.xml</value>
				<value>com/buaa/shop/bean/Order.hbm.xml</value>
				<value>com/buaa/shop/bean/OrderItem.hbm.xml</value>
				<value>com/buaa/shop/bean/AdminUser.hbm.xml</value>
			</list>
		</property>
	</bean>

	<!-- 事务管理: -->
	<!-- 事务管理器 -->
	<bean id="transactionManager"
		class="org.springframework.orm.hibernate3.HibernateTransactionManager">
		<property name="sessionFactory" ref="sessionFactory" />
	</bean>

	<!-- 开启注解事务 -->
	<tx:annotation-driven transaction-manager="transactionManager" />

	<!-- Action的配置 =========================== -->

	<!-- 首页访问的Action -->
	<bean id="indexAction" class="com.buaa.shop.action.IndexAction"
		scope="prototype">
		<property name="categoryService" ref="categoryService" />
		<property name="productService" ref="productService" />
	</bean>

	<!-- 配置验证码Action -->
	<bean id="checkImgAction" class="com.buaa.shop.action.CheckImgAction"
		scope="prototype">

	</bean>

	<!-- 用户模块的Action -->
	<bean id="userAction" class="com.buaa.shop.action.UserAction"
		scope="prototype">
		<!-- 注入Service -->
		<property name="userService" ref="userService" />
	</bean>

	<!-- 商品模块的Action -->
	<bean id="productAction" class="com.buaa.shop.action.ProductAction"
		scope="prototype">
		<property name="productService" ref="productService" />
	</bean>

	<!-- 购物车的Action -->
	<bean id="cartAction" class="com.buaa.shop.action.CartAction"
		scope="prototype">
		<property name="productService" ref="productService" />
	</bean>

	<!-- 配置OrderAction -->
	<bean id="orderAction" class="com.buaa.shop.action.OrderAction"
		scope="prototype">
		<property name="orderService" ref="orderService" />
	</bean>

	<!-- 配置后台登录的Action -->
	<bean id="adminUserAction" class="com.buaa.shop.action.adminaction.AdminUserAction"
		scope="prototype">
		<property name="adminUserService" ref="adminUserService" />
	</bean>

	<!-- 配置后台一级管理的Action -->
	<bean id="adminCategoryAction" class="com.buaa.shop.action.adminaction.AdminCategoryAction"
		scope="prototype">
		<property name="categoryService" ref="categoryService" />
	</bean>

	<!-- 配置后台二级分类管理的Action -->
	<bean id="adminCategorySecondAction"
		class="com.buaa.shop.action.adminaction.AdminCategorySecondAction"
		scope="prototype">
		<property name="categorySecondService" ref="categorySecondService" />
		<property name="categoryService" ref="categoryService" />
	</bean>

	<!-- 配置后台商品管理的Action -->
	<bean id="adminProductAction" class="com.buaa.shop.action.adminaction.AdminProductAction"
		scope="prototype">
		<property name="productService" ref="productService" />
		<property name="categorySecondService" ref="categorySecondService" />
	</bean>

	<!-- 配置后台订单管理的Action -->
	<bean id="adminOrderAction" class="com.buaa.shop.action.adminaction.AdminOrderAction"
		scope="prototype">
		<property name="orderService" ref="orderService" />
	</bean>
	<!-- 配置后台用户管理的Action -->
	<bean id="userAdminAction" class="com.buaa.shop.action.adminaction.UserAdminAction"
		scope="prototype">
		<property name="userService" ref="userService" />
	</bean>


	<!-- Service的配置 =========================== -->
	<bean id="userService" class="com.buaa.shop.service.UserService">
		<property name="userDao" ref="userDao" />
	</bean>

	<bean id="categoryService" class="com.buaa.shop.service.CategoryService">
		<property name="categoryDao" ref="categoryDao" />
	</bean>

	<bean id="productService" class="com.buaa.shop.service.ProductService">
		<property name="productDao" ref="productDao" />
	</bean>

	<bean id="orderService" class="com.buaa.shop.service.OrderService">
		<property name="orderDao" ref="orderDao" />
	</bean>

	<bean id="adminUserService" class="com.buaa.shop.service.AdminUserService">
		<property name="adminUserDao" ref="adminUserDao" />
	</bean>

	<bean id="categorySecondService"
		class="com.buaa.shop.service.CategorySecondService">
		<property name="categorySecondDao" ref="categorySecondDao" />
	</bean>

	<!-- Dao的配置 =========================== -->
	<bean id="userDao" class="com.buaa.shop.dao.UserDao">
		<property name="sessionFactory" ref="sessionFactory" />
	</bean>

	<bean id="categoryDao" class="com.buaa.shop.dao.CategoryDao">
		<property name="sessionFactory" ref="sessionFactory" />
	</bean>

	<bean id="productDao" class="com.buaa.shop.dao.ProductDao">
		<property name="sessionFactory" ref="sessionFactory" />
	</bean>

	<bean id="orderDao" class="com.buaa.shop.dao.OrderDao">
		<property name="sessionFactory" ref="sessionFactory" />
	</bean>

	<bean id="adminUserDao" class="com.buaa.shop.dao.AdminUserDao">
		<property name="sessionFactory" ref="sessionFactory" />
	</bean>

	<bean id="categorySecondDao" class="com.buaa.shop.dao.CategorySecondDao">
		<property name="sessionFactory" ref="sessionFactory" />
	</bean>
</beans>
